"p12","PP.H0.abf","PP.H1.abf","PP.H2.abf","PP.H3.abf","PP.H4.abf","pass"
1e-08,0,0.968251405858783,0,0.0309420275441317,0.000806566597085554,FALSE
1.09749876549306e-08,0,0.968175269284154,0,0.0309395944777039,0.000885136238141626,FALSE
1.20450354025878e-08,0,0.968091723268049,0,0.0309369246306829,0.000971352101267883,FALSE
1.32194114846603e-08,0,0.968000048212934,0,0.0309339950071746,0.00106595677989141,FALSE
1.45082877849594e-08,0,0.967899454935464,0,0.0309307803875589,0.00116976467697675,FALSE
1.59228279334109e-08,0,0.967789077998907,0,0.030927253115416,0.00128366888567745,FALSE
1.74752840000768e-08,0,0.967667968419252,0,0.030923382864439,0.00140864871630865,FALSE
1.91791026167249e-08,0,0.96753508568878,0,0.0309191363835338,0.00154577792768609,FALSE
2.10490414451202e-08,0,0.967389289056299,0,0.0309144772181654,0.0016962337255351,FALSE
2.31012970008316e-08,0,0.967229327998558,0,0.0309093654058565,0.00186130659558551,FALSE
2.53536449397011e-08,0,0.967053831812295,0,0.0309037571435845,0.00204241104412036,FALSE
2.78255940220713e-08,0,0.966861298251227,0,0.0308976044246588,0.00224109732411436,FALSE
3.05385550883341e-08,0,0.966650081126868,0,0.0308908546424843,0.00245906423064763,FALSE
3.35160265093884e-08,0,0.966418376786591,0,0.0308834501584468,0.0026981730549622,FALSE
3.67837977182863e-08,0,0.96616420937675,0,0.0308753278309722,0.00296046279227739,FALSE
4.03701725859656e-08,0,0.965885414793154,0,0.030866418502638,0.00324816670420826,FALSE
4.43062145758388e-08,0,0.965579623215733,0,0.0308566464420409,0.00356373034222592,FALSE
4.86260158006535e-08,0,0.965244240119125,0,0.0308459287369591,0.00390983114391585,FALSE
5.33669923120631e-08,0,0.964876425646153,0,0.0308341746351989,0.00428939971864831,FALSE
5.85702081805667e-08,0,0.964473072227167,0,0.0308212848293853,0.00470564294344757,FALSE
6.42807311728432e-08,0,0.964030780325092,0,0.0308071506818553,0.0051620689930528,FALSE
7.05480231071865e-08,0,0.963545832184183,0,0.0307916533857577,0.00566251443005962,FALSE
7.74263682681128e-08,0,0.963014163460348,0,0.0307746630584546,0.00621117348119789,FALSE
8.49753435908644e-08,0,0.962431332612884,0,0.0307560377633849,0.00681262962373086,FALSE
9.3260334688322e-08,0,0.961792487942253,0,0.0307356224567037,0.0074718896010434,FALSE
1.02353102189903e-07,0,0.961092332166734,0,0.0307132478552725,0.00819441997799322,FALSE
1.12332403297803e-07,0,0.960325084443359,0,0.030688729222977,0.00898618633366425,FALSE
1.23284673944207e-07,0,0.959484439756318,0,0.0306618650729186,0.00985369517076339,FALSE
1.35304777457981e-07,0,0.958563525620352,0,0.0306324357838017,0.0108040385958466,FALSE
1.48496826225446e-07,0,0.957554856078679,0,0.0306002021298638,0.0118449417914575,FALSE
1.62975083462064e-07,0,0.956450283016475,0,0.0305649037250194,0.0129848132585053,FALSE
1.78864952905744e-07,0,0.955240944863459,0,0.0305262573835688,0.0142327977529725,FALSE
1.96304065004027e-07,0,0.953917212824836,0,0.030483955401922,0.0155988317732422,FALSE
2.15443469003189e-07,0,0.952468634860959,0,0.0304376637683784,0.0170937013706621,FALSE
2.36448941264541e-07,0,0.950883877734982,0,0.0303870203111667,0.018729101953851,FALSE
2.59502421139974e-07,0,0.949150667567303,0,0.030331632798767,0.0205176996339295,FALSE
2.8480358684358e-07,0,0.947255729478513,0,0.0302710770111038,0.0224731935103835,FALSE
3.12571584968824e-07,0,0.945184727071801,0,0.0302048948056097,0.0246103781225894,FALSE
3.43046928631492e-07,0,0.942922202704362,0,0.0301325922085022,0.0269452050871358,FALSE
3.76493580679247e-07,0,0.940451519727908,0,0.0300536375689864,0.0294948427031058,FALSE
4.13201240011533e-07,0,0.937754808143423,0,0.0299674598225656,0.0322777320340112,FALSE
4.53487850812858e-07,0,0.934812915416382,0,0.0298734469192626,0.0353136376643551,FALSE
4.97702356433211e-07,0,0.931605364536436,0,0.0297709444833498,0.0386236909802137,FALSE
5.46227721768434e-07,0,0.928110321779129,0,0.0296592547831231,0.0422304234377474,FALSE
5.99484250318941e-07,0,0.924304577033421,0,0.029537636102236,0.0461577868643429,FALSE
6.57933224657568e-07,0,0.92016353999175,0,0.0294053026179473,0.0504311573903027,FALSE
7.22080901838547e-07,0,0.915661255949424,0,0.0292614249060161,0.0550773191445602,FALSE
7.92482898353919e-07,0,0.910770445413021,0,0.0291051312064513,0.060124423380528,FALSE
8.69749002617783e-07,0,0.905462572153363,0,0.0289355095982539,0.0656019182483834,FALSE
9.54548456661835e-07,0,0.899707944730959,0,0.0287516112438257,0.0715404440252148,FALSE
1.04761575278967e-06,0,0.893475856836642,0,0.0285524548737791,0.0779716882895785,FALSE
1.14975699539774e-06,0,0.886734771985125,0,0.0283370326891162,0.0849281953257589,FALSE
1.26185688306602e-06,0,0.879452558123824,0,0.0281043178585307,0.0924431240176451,FALSE
1.38488637139387e-06,0,0.871596777514687,0,0.0278532737820463,0.100549948703266,FALSE
1.51991108295293e-06,0,0.863135036747579,0,0.0275828652762565,0.109282097976164,FALSE
1.66810053720006e-06,0,0.854035400880547,0,0.0272920718088413,0.118672527310612,FALSE
1.83073828029537e-06,0,0.844266874405623,0,0.0269799028686015,0.128753222725775,FALSE
2.00923300256505e-06,0,0.833799949945664,0,0.0266454154999463,0.139554634554389,FALSE
2.20513073990305e-06,0,0.822607223249217,0,0.0262877339560416,0.151105042794742,FALSE
2.42012826479438e-06,0,0.810664070142104,0,0.0259060713318843,0.163429858526012,FALSE
2.65608778294668e-06,0,0.797949377627696,0,0.0254997529277845,0.176550869444519,FALSE
2.91505306282518e-06,0,0.784446317362457,0,0.0250682409670179,0.190485441670525,FALSE
3.19926713779738e-06,0,0.770143145389033,0,0.0246111601525804,0.205245694458387,FALSE
3.51119173421513e-06,0,0.75503400747508,0,0.0241283234030825,0.220837669121838,FALSE
3.85352859371054e-06,0,0.739119724945322,0,0.0236197569652739,0.237260518089404,FALSE
4.2292428743895e-06,0,0.722408531841262,0,0.0230857239711647,0.254505744187574,FALSE
4.64158883361278e-06,0,0.704916730990351,0,0.0225267454037695,0.27255652360588,FALSE
5.09413801481639e-06,0,0.686669234541173,0,0.0219436173707757,0.291387148088051,FALSE
5.59081018251222e-06,0,0.667699954147623,0,0.0213374235735057,0.310962622278872,FALSE
6.13590727341318e-06,0,0.64805200763776,0,0.0207095419113514,0.331238450450889,FALSE
6.73415065775083e-06,0,0.627777712951805,0,0.0200616442880536,0.352160642760142,FALSE
7.39072203352578e-06,0,0.606938346489072,0,0.01939568888929,0.373665964621638,FALSE
8.11130830789687e-06,0,0.585603651668858,0,0.0187139044779498,0.395682443853193,FALSE
8.90215085445039e-06,0,0.563851094151673,0,0.0180187665935333,0.418130139254794,FALSE
9.77009957299225e-06,0,0.541764872209937,0,0.0173129659269586,0.440922161863105,FALSE
1.07226722201033e-05,0,0.519434703393612,0,0.0165993695465154,0.463965927059872,FALSE
1.176811952435e-05,0,0.496954420967295,0,0.0158809760447595,0.487164602987945,FALSE
1.29154966501488e-05,0,0.474420424602015,0,0.0151608660278828,0.510418709370102,TRUE
1.41747416292681e-05,0,0.451930038537986,0,0.0144421496481693,0.533627811813844,TRUE
1.55567614393047e-05,0,0.429579836106857,0,0.0137279130614147,0.556692250831729,TRUE
1.70735264747069e-05,0,0.407463991588112,0,0.0130211657578528,0.579514842654036,TRUE
1.87381742286039e-05,0,0.385672718678317,0,0.0123247906609341,0.602002490660749,TRUE
2.05651230834865e-05,0,0.364290849533102,0,0.0116414987183322,0.624067651748566,TRUE
2.25701971963392e-05,0,0.343396599894133,0,0.0109737894395943,0.645629610666272,TRUE
2.47707635599171e-05,0,0.323060555000653,0,0.010323918489317,0.66661552651003,TRUE
2.71858824273294e-05,0,0.303344898745125,0,0.00969387305357802,0.686961228201297,TRUE
2.98364724028334e-05,0,0.284302895864472,0,0.00908535529252606,0.706611748843002,TRUE
3.27454916287773e-05,0,0.265978624811938,0,0.00849977380387256,0.725521601384189,TRUE
3.59381366380463e-05,0,0.24840694813677,0,0.00793824267632682,0.743654809186903,TRUE
3.94420605943766e-05,0,0.231613698308519,0,0.00740158742790984,0.760984714263572,TRUE
4.32876128108306e-05,0,0.215616050318907,0,0.00689035691304491,0.777493592768048,TRUE
4.75081016210279e-05,0,0.200423048197117,0,0.00640484014819855,0.793172111654685,TRUE
5.2140082879997e-05,0,0.186036250693283,0,0.00594508694573287,0.808018662360984,TRUE
5.72236765935022e-05,0,0.172450461563967,0,0.00551093125134973,0.822038607184684,TRUE
6.28029144183426e-05,0,0.15965451176624,0,0.00510201614035807,0.835243472093402,TRUE
6.89261210434971e-05,0,0.147632064012262,0,0.00471781952850647,0.847650116459232,TRUE
7.56463327554629e-05,0,0.136362414125129,0,0.00435767978059553,0.859279906094276,TRUE
8.30217568131975e-05,0,0.125821268071882,0,0.00402082054181449,0.870157911386304,TRUE
9.11162756115491e-05,0,0.11598147808949,0,0.00370637426182833,0.880312147648682,TRUE
1e-04,0,0.10681372569374,0,0.0034134040214232,0.889772870284837,TRUE
