"item","value"
"Window (GRCh37)","chr3:132,964,073-133,994,388"
"Window half-width around TF gene body","500 kb"
"Variants in window, transferrin GWAS, before harmonisation","817"
"Variants in window, total-tau GWAS, before harmonisation","3151"
"Variants in window, transferrin GWAS, after QC","696"
"Variants in window, total-tau GWAS, after QC","3148"
"Variants shared and analysed after harmonisation and QC","696"
"Lead variant, transferrin GWAS","rs8177240"
"Lead variant p, transferrin GWAS","1e-341.7"
"Lead variant, total-tau GWAS","rs3811658"
"Lead variant p, total-tau GWAS","1.444e-03"
"Lead variants identical?","no"
"Distance between lead variants (bp)","849"
"LD r^2 between lead variants","0.9738"
"Minimum p in window, total-tau GWAS","1.444e-03 (rs3811658)"
"Top 1 variant by SNP.PP.H4","rs8177240 (0.4794)"
"Top 2 variant by SNP.PP.H4","rs8177272 (0.3044)"
"Top 3 variant by SNP.PP.H4","rs8177252 (0.2160)"
"Top 4 variant by SNP.PP.H4","rs1525892 (0.0001)"
"Top 5 variant by SNP.PP.H4","rs3811647 (0.0001)"
