"section","quantity","value"
"Unconditional posteriors (default priors)","PP.H0.abf","0.000"
"Unconditional posteriors (default priors)","PP.H1.abf","0.536"
"Unconditional posteriors (default priors)","PP.H2.abf","0.000"
"Unconditional posteriors (default priors)","PP.H3.abf","0.017"
"Unconditional posteriors (default priors)","PP.H4.abf","0.447"
"Unconditional posteriors (default priors)","PP.H4/(PP.H3+PP.H4) [conditional]","0.963"
"Prior sensitivity","p12=1e-07 (p1=p2=1e-04)","H0=0.000 H1=0.961 H2=0.000 H3=0.031 H4=0.008; cond=0.207"
"Prior sensitivity","p12=1e-06 (p1=p2=1e-04)","H0=0.000 H1=0.897 H2=0.000 H3=0.029 H4=0.075; cond=0.723"
"Prior sensitivity","p12=5e-06 (p1=p2=1e-04)","H0=0.000 H1=0.690 H2=0.000 H3=0.022 H4=0.288; cond=0.929"
"Prior sensitivity","p12=1e-05 (p1=p2=1e-04)","H0=0.000 H1=0.536 H2=0.000 H3=0.017 H4=0.447; cond=0.963"
"Prior sensitivity","p12=5e-05 (p1=p2=1e-04)","H0=0.000 H1=0.192 H2=0.000 H3=0.006 H4=0.801; cond=0.992"
"Prior sensitivity","p12=1e-04 (p1=p2=1e-04)","H0=0.000 H1=0.107 H2=0.000 H3=0.003 H4=0.890; cond=0.996"
"Prior sensitivity","p12=1e-05 (p1=p2=1e-04)","H0=0.000 H1=0.536 H2=0.000 H3=0.017 H4=0.447; cond=0.963"
"Prior sensitivity","p12=1e-05 (p1=p2=1e-05)","H0=0.000 H1=0.107 H2=0.000 H3=0.000 H4=0.893; cond=1.000"
"Regional detail","Window (GRCh37)","chr3:132,964,073-133,994,388"
"Regional detail","Window half-width around TF gene body","500 kb"
"Regional detail","Variants in window, transferrin GWAS, before harmonisation","817"
"Regional detail","Variants in window, total-tau GWAS, before harmonisation","3151"
"Regional detail","Variants in window, transferrin GWAS, after QC","696"
"Regional detail","Variants in window, total-tau GWAS, after QC","3148"
"Regional detail","Variants shared and analysed after harmonisation and QC","696"
"Regional detail","Lead variant, transferrin GWAS","rs8177240"
"Regional detail","Lead variant p, transferrin GWAS","1e-341.7"
"Regional detail","Lead variant, total-tau GWAS","rs3811658"
"Regional detail","Lead variant p, total-tau GWAS","1.444e-03"
"Regional detail","Lead variants identical?","no"
"Regional detail","Distance between lead variants (bp)","849"
"Regional detail","LD r^2 between lead variants","0.9738"
"Regional detail","Minimum p in window, total-tau GWAS","1.444e-03 (rs3811658)"
"Regional detail","Top 1 variant by SNP.PP.H4","rs8177240 (0.4794)"
"Regional detail","Top 2 variant by SNP.PP.H4","rs8177272 (0.3044)"
"Regional detail","Top 3 variant by SNP.PP.H4","rs8177252 (0.2160)"
"Regional detail","Top 4 variant by SNP.PP.H4","rs1525892 (0.0001)"
"Regional detail","Top 5 variant by SNP.PP.H4","rs3811647 (0.0001)"
