"subset","n_snps","ivw_beta","ivw_se","ivw_pval","ivw_Q","ivw_Q_p","ivw_I2","wm_beta","wm_se","wm_pval","egg_beta","egg_se","egg_pval","egg_intercept","egg_int_se","egg_int_p"
"all_8",8,-0.03927,0.01318,0.00288,5.965,0.5438,0,-0.0463,0.01452,0.001425,-0.035,0.01213,0.02783,-0.003291,0.00258,0.2492
"excl_rs8177240",7,-0.02005,0.02182,0.3582,4.744,0.5771,0,-0.03003,0.0245,0.2204,-0.02145,0.01973,0.3265,-0.002534,0.002766,0.4016
"excl_HLA",7,-0.03924,0.01324,0.003035,5.964,0.4272,0,-0.04405,0.01511,0.003545,-0.03507,0.01317,0.04476,-0.003517,0.002906,0.2803
"excl_FADS",7,-0.03979,0.01329,0.002752,5.875,0.4374,0,-0.04649,0.01443,0.001271,-0.03522,0.01236,0.03588,-0.004249,0.002847,0.1957
"excl_HFE",7,-0.04191,0.01544,0.006642,5.858,0.4393,0,-0.04928,0.01634,0.002561,-0.03326,0.01676,0.1039,-0.003512,0.003107,0.3096
"excl_NAT2",7,-0.03928,0.01331,0.003159,5.965,0.4271,0,-0.04652,0.01467,0.001523,-0.03525,0.01306,0.0428,-0.003718,0.002947,0.2627
"excl_HLA_FADS",6,-0.03975,0.01335,0.0029,5.874,0.3187,14.88,-0.04434,0.01434,0.00199,-0.03533,0.01357,0.05981,-0.004622,0.003267,0.23
"excl_HLA_FADS_HFE_NAT2 (joint)",4,-0.04278,0.01594,0.007271,5.749,0.1245,47.82,-0.04769,0.01701,0.005045,-0.03224,0.02276,0.2923,-0.006051,0.005206,0.3651
"TF_only (rs8177240)",1,-0.05031,0.01653,0.002343,0,1,NA,NA,NA,NA,NA,NA,NA,NA,NA,NA
"cis_TF_3snps (rs8177240,rs9990333,rs7646473)",3,-0.04395,0.01613,0.006453,5.533,0.06289,63.85,-0.04858,0.01675,0.003727,-0.03226,0.02608,0.4328,-0.007715,0.006395,0.4406
