"SNP","beta_tf","se_tf","beta_fe","se_fe","beta_tau","se_tau"
"rs174577",0.0684,0.0107,0.0029,0.0105,-6e-04,0.007
"rs744653",0.0916,0.0144,-0.0017,0.014,4e-04,0.0094
"rs855791",-0.0395,0.0103,0.1868,0.0101,0.0043,0.007
"rs8177240",0.4234,0.0107,0.0733,0.0105,-0.0213,0.007
"rs1525892",0.4212,0.0107,0.0736,0.0104,-0.0211,0.007
"rs7646473",-0.0623,0.0107,-0.0065,0.0104,-0.0136,0.0071
"rs9990333",-0.067,0.0101,0.0213,0.0098,0.001,0.0065
"rs1800562",-0.5496,0.0208,0.3724,0.02,0.0177,0.0139
"rs9268633",0.0717,0.0128,0.0103,0.0125,-0.0031,0.01
"rs1495741",0.0825,0.0122,-0.0086,0.0119,-0.0032,0.0078
