"snp","trait","pvalue","beta","beta_unit","or","pubmed","n_reported","gene"
"rs1495741","Triglycerides",4e-14,2.97,"mg/dL",NA,"20686565",96598,"NAT2"
"rs1495741","Cholesterol, total",2e-09,1.07,"mg/dL",NA,"20686565",100184,"NAT2"
"rs1495741","Cholesterol, total",3e-08,0.032,"unit",NA,"24097068",188577,"NAT2"
"rs1495741","Bladder cancer",4e-11,NA,NA,1.15,"20972438",65308,"NAT2"
"rs1495741","Triglycerides",3e-12,0.04,"mg/dL",NA,"24097068",188577,"NAT2"
"rs1495741","Bladder cancer",2e-10,NA,NA,1.14,"24163127",74039,"NAT2"
"rs1495741","Ratio of polyunsaturated fatty acids to total fatty acids",5e-12,0.0329449,"unit",NA,"35213538",115006,"NAT2"
"rs1495741","Triglyceride levels in small LDL",7e-15,0.0375251,"unit",NA,"35213538",115082,"NAT2"
"rs1495741","Triglycerides to total lipids ratio in small LDL",6e-17,0.040001,"unit",NA,"35213538",115082,"NAT2"
"rs1495741","Apolipoprotein B levels",4e-10,0.0157165,"unit",NA,"32203549",439214,"NAT2"
"rs1495741","Monounsaturated fatty acid levels",4e-18,0.0425032,"unit",NA,"35213538",115006,"NAT2"
"rs1495741","Triglyceride levels in medium HDL",9e-29,0.0542452,"unit",NA,"35213538",115082,"NAT2"
"rs1495741","Phospholipids to Total Lipids in Large VLDL percentage",1e-23,0.02,"%",NA,"41044249",450015,"NAT2"
"rs1495741","5-acetylamino-6-formylamino-3-methyluracil levels in elite athletes",5e-17,0.73571724,"unit",NA,"31882771",490,"NAT2"
"rs1495741","Free cholesterol in chylomicrons and extremely large VLDL (UKB data field 23486)",3e-14,0.0420109,"unit",NA,"36764567",88329,"NAT2"
"rs1495741","Free cholesterol levels in chylomicrons and extremely large VLDL",6e-17,0.0399247,"unit",NA,"35213538",115082,"NAT2"
"rs1495741","Cholesterol in Large HDL",9e-12,0.01,"mmol/L",NA,"41044249",450015,"NAT2"
"rs1495741","Triglycerides in very small VLDL",1e-41,0.03,"mmol/L",NA,"41044249",450015,"NAT2"
"rs1495741","Cholesteryl Esters to Total Lipids in Very Small VLDL percentage",8e-20,0.02,"%",NA,"41044249",450015,"NAT2"
"rs1495741","Low density lipoprotein cholesterol levels",2e-30,0.021999,"unit",NA,"34887591",1320016,"NAT2"
"rs1495741","Cholesteryl Esters to Total Lipids in Medium HDL percentage",4e-44,0.03,"%",NA,"41044249",450015,"NAT2"
"rs1495741","1-methylurate levels",1e-27,0.057,"unit",NA,"24816252",5520,"NAT2"
"rs1495741","Low density lipoprotein cholesterol levels",3e-28,0.0339,"unit",NA,"32154731",324708,"NAT2"
"rs1495741","Polyunsaturated fatty acids to total fatty acids percentage",4e-11,0.070004,"unit",NA,"39091897",98316,"NAT2"
"rs1495741","Triglycerides in small LDL",1e-35,0.03,"mmol/L",NA,"41044249",450015,"NAT2"
"rs1495741","Concentration of small VLDL particles",2e-22,0.02,"mmol/L",NA,"41044249",450015,"NAT2"
"rs1495741","Triglyceride levels",7e-18,0.0302266,"unit",NA,"40436827",153950,"NAT2"
"rs1495741","N-acetylputrescine levels in elite athletes",3e-15,0.5575996,"unit",NA,"31882771",490,"NAT2"
"rs1495741","Triglycerides in large LDL",1e-23,0.02,"mmol/L",NA,"41044249",450015,"NAT2"
"rs1495741","Triglycerides in LDL",4e-15,0.003524,"unit",NA,"39091897",98316,"NAT2"
"rs1495741","Medication use for hyperlipidemia (number of purchases)",6e-29,0.016696,"unit",NA,"36653479",567671,"NAT2"
"rs1495741","Ratio of monounsaturated fatty acids to total fatty acids",4e-15,0.0373348,"unit",NA,"35213538",115006,"NAT2"
"rs1495741","Cholesteryl esters to total lipids ratio in small LDL",1e-16,0.0412682,"unit",NA,"35213538",115082,"NAT2"
"rs1495741","Free Cholesterol to Total Lipids in Very Small VLDL percentage",3e-24,0.02,"%",NA,"41044249",450015,"NAT2"
"rs1495741","5-acetylamino-6-amino-3-methyluracil levels",4e-97,0.383631,"unit",NA,"36635386",8006,"NAT2"
"rs1495741","Total fatty acid levels",9e-15,0.0380372,"unit",NA,"35213538",115006,"NAT2"
"rs1495741","Triglycerides to Total Lipids in Medium LDL percentage",5e-17,0.02,"%",NA,"41044249",450015,"NAT2"
"rs1495741","Monounsaturated fatty acids levels (UKB data field 23447)",1e-16,0.0465451,"unit",NA,"36764567",88268,"NAT2"
"rs1495741","Triglyceride levels in large LDL",6e-11,0.0318961,"unit",NA,"35213538",115082,"NAT2"
"rs1495741","VLDL cholesterol levels",9e-12,0.02,"mmol/L",NA,"41044249",450015,"NAT2"
"rs1495741","Cholesteryl esters in chylomicrons and extremely large VLDL (UKB data field 23485)",7e-14,0.0414465,"unit",NA,"36764567",88329,"NAT2"
"rs1495741","Cholesterol to total lipids ratio in small HDL",2e-21,0.0463236,"unit",NA,"35213538",115082,"NAT2"
"rs1495741","Total lipid levels in chylomicrons and extremely large VLDL",3e-14,0.0364351,"unit",NA,"35213538",115082,"NAT2"
"rs1495741","Triglyceride levels in very large HDL",6e-14,0.0364055,"unit",NA,"35213538",115082,"NAT2"
"rs1495741","Triglyceride levels in very small VLDL",3e-15,0.0380835,"unit",NA,"35213538",115082,"NAT2"
"rs1495741","LDL cholesterol levels",5e-12,0.0173848,"unit",NA,"32203549",440546,"NAT2"
"rs1495741","Triglycerides",6e-22,0.042,"unit",NA,"29507422",87819,"NAT2"
"rs1495741","Triglycerides",3e-06,0.066,"unit",NA,"29507422",87819,"NAT2"
"rs1495741","Triglycerides",7e-16,0.04,"unit",NA,"29507422",87819,"NAT2"
"rs1495741","N-acetylputrescine levels in chronic kidney disease",1e-24,0.26,"unit",NA,"35120996",822,"NAT2"
"rs1495741","Free cholesterol to total lipids ratio in medium LDL",2e-16,0.0390397,"unit",NA,"35213538",115082,"NAT2"
"rs1495741","Concentration of VLDL particles",1e-16,0.02,"mmol/L",NA,"41044249",450015,"NAT2"
"rs1495741","Triglycerides in medium LDL (UKB data field 23543)",1e-12,0.0398563,"unit",NA,"36764567",88329,"NAT2"
"rs1495741","Triglycerides x depression interaction (2df test)",3e-12,0.02166,"unit",NA,"40537477",89939,"NAT2"
"rs1495741","Triglycerides to Total Lipids in Large LDL percentage",7e-18,0.02,"%",NA,"41044249",450015,"NAT2"
"rs1495741","Cholesterol to Total Lipids in Medium HDL percentage",3e-39,0.03,"%",NA,"41044249",450015,"NAT2"
"rs1495741","Saturated fatty acids levels (UKB data field 23448)",1e-13,0.0415645,"unit",NA,"36764567",88268,"NAT2"
"rs1495741","Triglyceride levels in IDL",2e-12,0.0343047,"unit",NA,"35213538",115082,"NAT2"
"rs1495741","Triglyceride levels",7e-56,0.0375888,"unit",NA,"32203549",441016,"NAT2"
"rs1495741","Triglycerides to total lipids ratio in large HDL",1e-20,0.0434319,"unit",NA,"35213538",115082,"NAT2"
"rs1495741","Triglycerides in medium LDL",4e-29,0.03,"mmol/L",NA,"41044249",450015,"NAT2"
"rs1495741","Cholesterol to Total Lipids in IDL percentage",1e-12,0.02,"%",NA,"41044249",450015,"NAT2"
"rs1495741","Phospholipids to total lipids ratio in small HDL",7e-10,0.0295991,"unit",NA,"35213538",115082,"NAT2"
"rs1495741","Albumin levels",9e-25,0.0178,"unit",NA,"40436827",928679,"NAT2"
"rs1495741","Liver injury in anti-tuberculosis drug treatment",7e-11,NA,NA,6.01,"31109976",318,"NAT2"
"rs1495741","Total fatty acids levels (UKB data field 23442)",2e-14,0.0432525,"unit",NA,"36764567",88268,"NAT2"
"rs1495741","Cholesterol to Total Lipids in Very Small VLDL percentage",6e-21,0.02,"%",NA,"41044249",450015,"NAT2"
"rs1495741","CDHR2/MME protein level ratio",2e-15,0.0610607,NA,NA,"38412862",43509,"NAT2"
"rs1495741","Polyunsaturated fatty acids to monounsaturated fatty acids ratio (UKB data field 23458)",6e-12,0.0378054,"unit",NA,"36764567",88268,"NAT2"
"rs1495741","Total lipids in small VLDL",5e-21,0.02,"mmol/L",NA,"41044249",450015,"NAT2"
"rs1495741","Non-HDL cholesterol levels",2e-64,NA,NA,NA,"34887591",1654960,"NAT2"
"rs1495741","Bladder cancer",7e-13,NA,NA,1.16,"37210288",356027,"NAT2"
"rs1495741","Free Cholesterol to Total Lipids in Large LDL percentage",2e-32,0.03,"%",NA,"41044249",450015,"NAT2"
"rs1495741","Monounsaturated fatty acid levels",4e-18,NA,NA,NA,"40545721",110346,"NAT2"
"rs1495741","Youthful appearance (self-reported)",4e-08,NA,NA,1.0292332,"32339537",423992,"NAT2"
"rs1495741","Linoleic acid levels",1e-21,NA,NA,NA,"40545721",239268,"NAT2"
"rs1495741","Non-HDL cholesterol levels",2e-47,0.0331744,"unit",NA,"34887591",1320016,"NAT2"
"rs1495741","Triglycerides in IDL",2e-28,0.03,"mmol/L",NA,"41044249",450015,"NAT2"
"rs1495741","Triglycerides in LDL (UKB data field 23409)",1e-12,0.0396368,"unit",NA,"36764567",88329,"NAT2"
"rs1495741","Phospholipids to total lipids ratio in large HDL",1e-10,0.0310318,"unit",NA,"35213538",115082,"NAT2"
"rs1495741","Triglyceride levels in LDL",4e-12,0.0337504,"unit",NA,"35213538",115082,"NAT2"
"rs1495741","Triglycerides to total lipids ratio in small HDL",1e-15,0.0377162,"unit",NA,"35213538",115082,"NAT2"
"rs1495741","Medication use (HMG CoA reductase inhibitors)",1e-19,0.0507,"unit",NA,"34594039",469111,"NAT2"
"rs1495741","Polyunsaturated fatty acids to total fatty acids percentage (UKB data field 23453)",4e-10,0.0342748,"unit",NA,"36764567",88268,"NAT2"
"rs1495741","Cholesteryl ester levels in chylomicrons and extremely large VLDL",7e-16,0.0387244,"unit",NA,"35213538",115082,"NAT2"
"rs1495741","Triglycerides to Total Lipids in Very Small VLDL percentage",1e-24,0.02,"%",NA,"41044249",450015,"NAT2"
"rs1495741","Triglycerides to Total Lipids in Very Large HDL percentage",1e-63,0.04,"%",NA,"41044249",450015,"NAT2"
"rs1495741","Bladder cancer in ever smokers",2e-10,NA,NA,1.19,"37210288",66375,"NAT2"
"rs1495741","Cholesterol in chylomicrons and extremely large VLDL (UKB data field 23484)",3e-14,0.0418753,"unit",NA,"36764567",88329,"NAT2"
"rs1495741","Phospholipids in very large HDL",3e-13,0.02,"mmol/L",NA,"41044249",450015,"NAT2"
"rs1495741","Cholesteryl esters to total lipids ratio in very large HDL",9e-11,0.0320665,"unit",NA,"35213538",115056,"NAT2"
"rs1495741","5-acetylamino-6-formylamino-3-methyluracil levels",0,0.820025,"unit",NA,"36635386",7599,"NAT2"
"rs1495741","Concentration of chylomicrons and extremely large VLDL particles",2e-15,0.037963,"unit",NA,"35213538",115082,"NAT2"
"rs1495741","Concentration of medium VLDL particles",1e-10,0.02,"mmol/L",NA,"41044249",450015,"NAT2"
"rs1495741","Triglycerides in small HDL",7e-65,0.04,"mmol/L",NA,"41044249",450015,"NAT2"
"rs1495741","Triglycerides to Total Lipids in Medium HDL percentage",3e-54,0.04,"%",NA,"41044249",450015,"NAT2"
"rs1495741","Omega-6 fatty acid levels",5e-23,NA,NA,NA,"40545721",239268,"NAT2"
"rs1495741","Saturated fatty acid levels",8e-14,0.0365695,"unit",NA,"35213538",115006,"NAT2"
"rs1495741","Triglycerides x depression interaction (2df test)",2e-15,0.01582,"unit",NA,"40537477",133157,"NAT2"
"rs1495741","1-methylxanthine levels",1.00000023069254e-317,0.46149543,"unit",NA,"36357675",19994,"NAT2"
"rs1495741","Low density lipoprotein cholesterol levels",6e-06,0.022,"unit",NA,"29507422",87819,"NAT2"
"rs1495741","Cholesterol to total lipids ratio in medium HDL",8e-16,0.0379883,"unit",NA,"35213538",115082,"NAT2"
"rs1495741","Triglyceride levels in large HDL",4e-20,0.0433707,"unit",NA,"35213538",115082,"NAT2"
"rs1495741","Triglyceride levels",4e-08,0.0135,"unit",NA,"30926973",111909,"NAT2"
"rs1495741","Triglycerides in LDL",4e-27,0.03,"mmol/L",NA,"41044249",450015,"NAT2"
"rs1495741","Free cholesterol to total lipids ratio in small LDL",4e-20,0.0439631,"unit",NA,"35213538",115082,"NAT2"
"rs1495741","Triglycerides in small LDL (UKB data field 23550)",3e-14,0.0422292,"unit",NA,"36764567",88329,"NAT2"
"rs1495741","Triglycerides in very large HDL (UKB data field 23557)",9e-14,0.0415518,"unit",NA,"36764567",88329,"NAT2"
"rs1495741","Cholesteryl esters to total lipids ratio in medium HDL",3e-18,0.0417553,"unit",NA,"35213538",115082,"NAT2"
"rs1495741","4-acetamidobutanoate levels in chronic kidney disease",2e-15,0.17,"unit",NA,"35120996",822,"NAT2"
"rs1495741","Total lipids in very large HDL",1e-14,0.02,"mmol/L",NA,"41044249",450015,"NAT2"
"rs1495741","Phospholipids to Total Lipids in Medium HDL percentage",3e-16,0.02,"%",NA,"41044249",450015,"NAT2"
"rs1495741","ITIH3 protein levels",2e-18,0.04446936,"unit",NA,"39789286",47745,"NAT2"
"rs1495741","Cholesteryl Esters in Large HDL",4e-13,0.01,"mmol/L",NA,"41044249",450015,"NAT2"
"rs1495741","Omega-6 fatty acid levels",2e-08,NA,NA,NA,"40545721",239268,"NAT2"
"rs1495741","Metabolic syndrome",1e-11,0.0102432,"unit",NA,"39349817",1384348,"NAT2"
"rs1495741","Triglycerides to total lipids ratio in medium LDL",3e-09,0.0288178,"unit",NA,"35213538",115082,"NAT2"
"rs1495741","Triglycerides to total lipids ratio in medium HDL",1e-19,0.0430685,"unit",NA,"35213538",115082,"NAT2"
"rs1495741","Polyunsaturated fatty acid levels",3e-11,NA,NA,NA,"40545721",239268,"NAT2"
"rs1495741","Cholesteryl Esters to Total Lipids in Large HDL percentage",4e-20,0.127688,"unit",NA,"39091897",98316,"NAT2"
"rs1495741","Triglyceride levels in medium LDL",2e-12,0.0341047,"unit",NA,"35213538",115082,"NAT2"
"rs1495741","1-methylurate levels",3e-171,0.35240123,"unit",NA,"36357675",19994,"NAT2"
"rs1495741","Cholesterol levels in chylomicrons and extremely large VLDL",2e-16,0.0394954,"unit",NA,"35213538",115082,"NAT2"
"rs1495741","Phospholipids to total lipids ratio in small LDL",1e-16,0.0411885,"unit",NA,"35213538",115082,"NAT2"
"rs1495741","Triglycerides in medium LDL",7e-15,0.00109309,"unit",NA,"39091897",98316,"NAT2"
"rs1495741","Phospholipids to total lipids ratio in large VLDL",3e-10,0.030476,"unit",NA,"35213538",115071,"NAT2"
"rs1495741","Medication use (HMG CoA reductase inhibitors)",1e-17,0.05763756,"unit",NA,"31015401",290385,"NAT2"
"rs1495741","Triglycerides to Total Lipids in IDL percentage",1e-20,0.02,"%",NA,"41044249",450015,"NAT2"
"rs1495741","Ratio of polyunsaturated fatty acids to monounsaturated fatty acids",2e-14,0.0365893,"unit",NA,"35213538",115006,"NAT2"
"rs1495741","Polyunsaturated fatty acid levels",4e-25,NA,NA,NA,"40545721",239268,"NAT2"
"rs1495741","Cholesteryl esters to total lipids ratio in small HDL",3e-18,0.0423587,"unit",NA,"35213538",115082,"NAT2"
"rs1495741","Phospholipids to total lipids ratio in medium HDL",1e-08,0.0267355,"unit",NA,"35213538",115082,"NAT2"
"rs1495741","Urinary metabolite levels in chronic kidney disease",6e-21,0.589,"unit",NA,"31959995",1627,"NAT2"
"rs1495741","Triglycerides to total lipids ratio in very large HDL",8e-19,0.0413283,"unit",NA,"35213538",115056,"NAT2"
"rs1495741","Triglycerides to Total Lipids in Small LDL percentage",9e-43,0.03,"%",NA,"41044249",450015,"NAT2"
"rs1495741","Cholesterol esters in very large HDL",1e-20,0.02,"mmol/L",NA,"41044249",450015,"NAT2"
"rs1495741","CNTN3/FETUB protein level ratio",8e-35,0.0932242,NA,NA,"38412862",43509,"NAT2"
"rs1495741","1-methylxanthine levels in elite athletes",8e-07,0.36699447,"unit",NA,"31882771",490,"NAT2"
"rs1495741","Cholesterol levels in very large HDL",2e-21,0.02,"mmol/L",NA,"41044249",450015,"NAT2"
"rs1495741","Ratio of omega-6 fatty acids to total fatty acids",1e-12,0.0337663,"unit",NA,"35213538",115006,"NAT2"
"rs1495741","Total cholesterol levels",4e-16,0.039,"unit",NA,"29507422",87819,"NAT2"
"rs1495741","Total cholesterol levels",1e-13,0.041,"unit",NA,"29507422",87819,"NAT2"
"rs1495741","Triglyceride levels in HDL",2e-27,0.0526695,"unit",NA,"35213538",115082,"NAT2"
"rs1495741","Cholesteryl esters to total lipids ratio in large HDL",5e-21,0.0445054,"unit",NA,"35213538",115082,"NAT2"
"rs1495741","Triglycerides in IDL (UKB data field 23529)",1e-12,0.0397423,"unit",NA,"36764567",88329,"NAT2"
"rs1495741","Free cholesterol to total lipids ratio in large LDL",2e-13,0.0345796,"unit",NA,"35213538",115082,"NAT2"
"rs174577","P wave duration",3e-08,0.735,"unit",NA,"24850809",16468,"FADS1/FADS2"
"rs174577","Trans fatty acid levels",4e-14,0.0032,"unit",NA,"25646338",10421,"FADS1/FADS2"
"rs174577","Iron status biomarkers (transferrin levels)",2e-17,0.062,"unit",NA,"25352340",48972,"FADS1/FADS2"
"rs174577","Omega-6 fatty acids to omega-3 fatty acids ratio",0,0.351394,"ratio",NA,"41044249",241027,"FADS1/FADS2"
"rs174577","Phosphatidylglycerol(36:0)_[M-H]1- levels",5e-15,0.0686,"unit",NA,"34503513",5662,"FADS1/FADS2"
"rs174577","Phosphatidylethanolamine(38:5)_[M-H]1- levels",5e-15,0.0455,"unit",NA,"34503513",5662,"FADS1/FADS2"
"rs174577","Cholesteryl ester (24:4) levels",7e-25,0.235,"unit",NA,"35668104",4492,"FADS1/FADS2"
"rs174577","Lysophosphatidylcholine(20:4)_[M+H]1+ levels",5e-15,0.0983,"unit",NA,"34503513",5662,"FADS1/FADS2"
"rs174577","Total Alkenylphosphatidylcholine levels",4e-17,0.194,"unit",NA,"35668104",6057,"FADS1/FADS2"
"rs174577","Alkylphosphatidylcholine (O-38:5) levels",2e-56,0.36,"unit",NA,"35668104",6057,"FADS1/FADS2"
"rs174577","Phosphatidylcholine (16:0_18:2) levels",2e-49,0.327,"unit",NA,"36193934",4642,"FADS1/FADS2"
"rs174577","Phosphatidylcholine(36:5)_[M+OAc]1-/Phosphatidylserine(40:4)_[M-H]1- levels",5e-15,0.0585,"unit",NA,"34503513",5662,"FADS1/FADS2"
"rs174577","1-arachidonoyl-GPI (20:4) levels",3e-74,0.19241518,"unit",NA,"36357675",19994,"FADS1/FADS2"
"rs174577","Phosphatidate(43:4)_[M-H]1- levels",5e-15,0.06,"unit",NA,"34503513",5662,"FADS1/FADS2"
"rs174577","Phosphatidylinositol(36:2)_[M-H]1- levels",5e-15,0.0582,"unit",NA,"34503513",5662,"FADS1/FADS2"
"rs174577","Alkenylphosphatidylcholine (P-17:0/20:4) (a) levels",1e-59,0.371,"unit",NA,"35668104",6057,"FADS1/FADS2"
"rs174577","Phosphatidylcholine(34:2)_[M+H]1+/Phosphatidylethanolamine(37:2)_[M+H]1+/Phosphatidate(39:3)_[M+NH4]1+ levels",5e-15,0.0523,"unit",NA,"34503513",5662,"FADS1/FADS2"
"rs174577","Phosphatidate(40:5)_[M+OAc]1-/Phosphatidylglycerol(39:5)_[M-H]1- levels",6e-15,0.0629,"unit",NA,"34503513",5662,"FADS1/FADS2"
"rs174577","1-linoleoyl-2-arachidonoyl-GPC (18:2/20:4n6) levels",2e-97,0.23025145,"unit",NA,"36357675",19994,"FADS1/FADS2"
"rs174577","Phosphatidylcholine(40:8)_[M+H]1+ levels",5e-15,0.0487,"unit",NA,"34503513",5662,"FADS1/FADS2"
"rs174577","Serum total protein levels",1e-12,0.0273196,"unit",NA,"34594039",133321,"FADS1/FADS2"
"rs174577","Phosphatidylglycerol(35:3)_[M-H]1- levels",6e-15,0.0689,"unit",NA,"34503513",5662,"FADS1/FADS2"
"rs174577","Phosphatidylcholine(37:4)_[M+H]1+/Phosphatidylethanolamine(40:4)_[M+H]1+/Phosphatidate(42:5)_[M+NH4]1+ levels",5e-15,0.0711,"unit",NA,"34503513",5662,"FADS1/FADS2"
"rs174577","Phosphatidylcholine-O(40:6)_[M+H]1+/Phosphatidylcholine-P(40:5)_[M+H]1+ levels",5e-15,0.0793,"unit",NA,"34503513",5662,"FADS1/FADS2"
"rs174577","Phosphatidylcholine(38:3)_[M+OAc]1-/Phosphatidylserine(42:2)_[M-H]1- levels",5e-15,0.1011,"unit",NA,"34503513",5662,"FADS1/FADS2"
"rs174577","Osteoporosis-related phenotypes (MTAG)",3e-07,0.175,"unit",NA,"32107650",4124,"FADS1/FADS2"
"rs174577","Serum metabolite levels (CMS)",5e-16,0.07365257,"unit",NA,"31636271",6263,"FADS1/FADS2"
"rs174577","Serum metabolite levels (CMS)",5e-14,0.07986463,"unit",NA,"31636271",6263,"FADS1/FADS2"
"rs174577","Serum metabolite levels (CMS)",7e-83,0.21744592,"unit",NA,"31636271",6263,"FADS1/FADS2"
"rs174577","Phosphatidylethanolamine(34:2)_[M+H]1+ levels",5e-15,0.0693,"unit",NA,"34503513",5662,"FADS1/FADS2"
"rs174577","Phosphatidylserine(35:2)_[M+OAc]1- levels",6e-15,0.0864,"unit",NA,"34503513",5662,"FADS1/FADS2"
"rs174577","Phosphatidylcholine-O(38:4)_[M+H]1+/Phosphatidylcholine-P(38:3)_[M+H]1+ levels",6e-15,0.086,"unit",NA,"34503513",5662,"FADS1/FADS2"
"rs174577","Diacylglycerol(36:3)_[M+H-H2O]1+ levels",6e-15,0.0876,"unit",NA,"34503513",5662,"FADS1/FADS2"
"rs174577","Diacylglycerol(36:2)_[M+H-H2O]1+ levels",6e-15,0.0684,"unit",NA,"34503513",5662,"FADS1/FADS2"
"rs174577","Cholesteryl ester (24:4) levels",2e-27,0.249,"unit",NA,"35668104",6057,"FADS1/FADS2"
"rs174577","Metabolite levels (C38:3 PS plasmalogen)",5e-13,0.362,"unit",NA,"37253714",20734,"FADS1/FADS2"
"rs174577","Phosphatidylethanolamine-O(38:4)_[M-H]1-/Phosphatidylcholine-O(35:4)_[M-H]1-/Phosphatidylcholine-P(35:3)_[M-H]1- levels",5e-15,0.0829,"unit",NA,"34503513",5662,"FADS1/FADS2"
"rs174577","Phosphatidylcholine(32:0)_[M+H]1+/Phosphatidylethanolamine(35:0)_[M+H]1+/Phosphatidate(37:1)_[M+NH4]1+ levels",5e-15,0.0663,"unit",NA,"34503513",5662,"FADS1/FADS2"
"rs174577","Phosphatidylethanolamine-O(38:6)_[M+H]1+/Phosphatidylcholine-P(35:5)_[M+H]1+ levels",5e-15,0.0681,"unit",NA,"34503513",5662,"FADS1/FADS2"
"rs174577","Glycated hemoglobin levels",5e-07,0.0083,"unit",NA,"28898252",88355,"FADS1/FADS2"
"rs174577","Phosphatidylserine(42:7)_[M+OAc]1- levels",5e-15,0.1244,"unit",NA,"34503513",5662,"FADS1/FADS2"
"rs174577","Triglycerides",4e-49,0.058,"unit",NA,"29507422",87819,"FADS1/FADS2"
"rs174577","Triglycerides",7e-06,0.063,"unit",NA,"29507422",87819,"FADS1/FADS2"
"rs174577","Triglycerides",8e-39,0.057,"unit",NA,"29507422",87819,"FADS1/FADS2"
"rs174577","Sphingomyelin(44:9)_[M+H]1- levels",4e-15,0.056,"unit",NA,"34503513",5662,"FADS1/FADS2"
"rs174577","Phosphatidylinositol(36:1)_[M+OAc]1- levels",5e-15,0.0513,"unit",NA,"34503513",5662,"FADS1/FADS2"
"rs174577","Phosphatidylcholine(40:5)_[M+H]1+ levels",5e-15,0.0724,"unit",NA,"34503513",5662,"FADS1/FADS2"
"rs174577","Alkenylphosphatidylcholine (P-18:0/22:5) levels",2e-35,0.283,"unit",NA,"35668104",4492,"FADS1/FADS2"
"rs174577","Phosphatidylserine(42:5)_[M+OAc]1- levels",5e-15,0.2081,"unit",NA,"34503513",5662,"FADS1/FADS2"
"rs174577","Phosphatidylinositol(36:3)_[M-H]1- levels",5e-15,0.0512,"unit",NA,"34503513",5662,"FADS1/FADS2"
"rs174577","Fatty acid(22:4)_[M-H]1- levels",5e-15,0.0438,"unit",NA,"34503513",5662,"FADS1/FADS2"
"rs174577","Alkenylphosphatidylcholine (P-17:0/20:4) (b) levels",2e-62,0.377,"unit",NA,"35668104",4492,"FADS1/FADS2"
"rs174577","Phosphatidylcholine-O(38:5)_[M+H]1+/Phosphatidylcholine-P(38:4)_[M+H]1+ levels",5e-15,0.1122,"unit",NA,"34503513",5662,"FADS1/FADS2"
"rs174577","Plasma omega-6 polyunsaturated fatty acid levels (arachidonic acid)",4e-68,0.1542,"unit",NA,"26584805",1361,"FADS1/FADS2"
"rs174577","Cholesteryl ester(18:3)_[M+NH4]1+ levels",5e-15,0.0668,"unit",NA,"34503513",5662,"FADS1/FADS2"
"rs174577","Phosphatidylglycerol(34:0)_[M-H]1- levels",5e-15,0.0652,"unit",NA,"34503513",5662,"FADS1/FADS2"
"rs174577","Serum metabolite levels",2e-09,0.073635325,"unit",NA,"31636271",6263,"FADS1/FADS2"
"rs174577","Serum metabolite levels",2e-10,0.078009084,"unit",NA,"31636271",6263,"FADS1/FADS2"
"rs174577","Serum metabolite levels",3e-70,0.215256,"unit",NA,"31636271",6263,"FADS1/FADS2"
"rs174577","Fatty acid(22:5)_[M-H]1- levels",6e-15,0.043,"unit",NA,"34503513",5662,"FADS1/FADS2"
"rs174577","Phosphatidylcholine(36:4)_[M+H]1+/Phosphatidylethanolamine(39:4)_[M+H]1+/Phosphatidate(41:5)_[M+NH4]1+ levels",4e-15,0.0648,"unit",NA,"34503513",5662,"FADS1/FADS2"
"rs174577","Omega-3 fatty acids to total fatty acids percentage",0,0.371561,"%",NA,"41044249",241027,"FADS1/FADS2"
"rs174577","High density lipoprotein cholesterol levels",1e-11,0.024,"unit",NA,"29507422",87819,"FADS1/FADS2"
"rs174577","High density lipoprotein cholesterol levels",2e-11,0.027,"unit",NA,"29507422",87819,"FADS1/FADS2"
"rs174577","Phosphatidylcholine(40:5)_[M+OAc]1-/Phosphatidylserine(44:4)_[M-H]1- levels",5e-15,0.128,"unit",NA,"34503513",5662,"FADS1/FADS2"
"rs174577","Total Alkenylphosphatidylcholine levels",1e-12,0.163,"unit",NA,"35668104",4492,"FADS1/FADS2"
"rs174577","Glucose levels (UKB data field 30740)",4e-17,0.018680457,"unit",NA,"39789286",394642,"FADS1/FADS2"
"rs174577","Omega-6 fatty acids to omega-3 fatty acids ratio",0,0.38377,"ratio",NA,"41044249",203300,"FADS1/FADS2"
"rs174577","Phosphatidylcholine(38:4)_[M+H]1+/Phosphatidylethanolamine(41:4)_[M+H]1+ levels",4e-15,0.18,"unit",NA,"34503513",5662,"FADS1/FADS2"
"rs174577","Phosphatidylcholine(38:5)_[M+H]1+/Phosphatidylethanolamine(41:5)_[M+H]1+/Phosphatidate(43:6)_[M+NH4]1+ levels",5e-15,0.0622,"unit",NA,"34503513",5662,"FADS1/FADS2"
"rs174577","Fatty acid(20:4)_[M-H]1- levels",5e-15,0.0685,"unit",NA,"34503513",5662,"FADS1/FADS2"
"rs174577","Phosphatidylcholine(38:4)_[M+OAc]1-/Phosphatidylserine(42:3)_[M-H]1- levels",4e-15,0.0519,"unit",NA,"34503513",5662,"FADS1/FADS2"
"rs174577","1-(1-enyl-palmitoyl)-2-arachidonoyl-GPE (P-16:0/20:4) levels",1e-85,0.21072598,"unit",NA,"36357675",19994,"FADS1/FADS2"
"rs174577","SERPINA12 protein levels",2e-15,0.038258232,"unit",NA,"39789286",47745,"FADS1/FADS2"
"rs174577","Cholesteryl ester(20:4)_[M+NH4]1+ levels",4e-15,0.0382,"unit",NA,"34503513",5662,"FADS1/FADS2"
"rs174577","QRS duration",4e-11,0.38,"unit",NA,"27659466",81740,"FADS1/FADS2"
"rs174577","Phosphatidylcholine(38:3)_[M+H]1+/Phosphatidylethanolamine(41:3)_[M+H]1+/Phosphatidate(43:4)_[M+NH4]1+ levels",5e-15,0.125,"unit",NA,"34503513",5662,"FADS1/FADS2"
"rs174577","Phosphatidylcholine(42:4)_[M+OAc]1- levels",5e-15,0.0683,"unit",NA,"34503513",5662,"FADS1/FADS2"
"rs174577","Phosphatidylinositol(36:0)_[M+OAc]1- levels",6e-15,0.0739,"unit",NA,"34503513",5662,"FADS1/FADS2"
"rs174577","Triacylglycerol(56:4)_[M+NH4]1+ levels",6e-15,0.1127,"unit",NA,"34503513",5662,"FADS1/FADS2"
"rs174577","Triacylglycerol(58:9)_[M+NH4]1+ levels",5e-15,0.0651,"unit",NA,"34503513",5662,"FADS1/FADS2"
"rs174577","Phosphatidylserine(44:6)_[M+OAc]1- levels",5e-15,0.0741,"unit",NA,"34503513",5662,"FADS1/FADS2"
"rs174577","Alkenylphosphatidylcholine (P-17:0/20:4) (a) levels",1e-56,0.361,"unit",NA,"35668104",4492,"FADS1/FADS2"
"rs174577","Alkenylphosphatidylcholine (P-17:0/20:4) (b) levels",3e-66,0.39,"unit",NA,"35668104",6057,"FADS1/FADS2"
"rs174577","Phosphatidylcholine-O(36:5)_[M+H]1+/Phosphatidylcholine-P(36:4)_[M+H]1+ levels",4e-15,0.0418,"unit",NA,"34503513",5662,"FADS1/FADS2"
"rs174577","Docosahexaenoic acid to total fatty acids percentage",0,0.292066,"%",NA,"41044249",203300,"FADS1/FADS2"
"rs174577","Phosphatidylcholine(35:4)_[M+H]1+/Phosphatidylethanolamine(38:4)_[M+H]1+/Phosphatidate(40:5)_[M+NH4]1+ levels",5e-15,0.0559,"unit",NA,"34503513",5662,"FADS1/FADS2"
"rs174577","Phosphatidylcholine(38:6)_[M+H]1+/Phosphatidylethanolamine(41:6)_[M+H]1+ levels",6e-15,0.1395,"unit",NA,"34503513",5662,"FADS1/FADS2"
"rs174577","Phosphatidylinositol-O(33:0)_[M-H]1- levels",6e-15,0.069,"unit",NA,"34503513",5662,"FADS1/FADS2"
"rs174577","Phosphatidylinositol-O(36:0)_[M-H]1-/Phosphatidylglycerol(37:0)_[M+OAc]1- levels",5e-15,0.0686,"unit",NA,"34503513",5662,"FADS1/FADS2"
"rs174577","Omega-3 fatty acids",0,0.358372,"mmol/L",NA,"41044249",203300,"FADS1/FADS2"
"rs174577","Phosphatidylinositol(38:4)_[M-H]1- levels",5e-15,0.0815,"unit",NA,"34503513",5662,"FADS1/FADS2"
"rs174577","Glycated hemoglobin levels",8e-06,0.0177,"unit",NA,"28898252",18472,"FADS1/FADS2"
"rs174577","Free cholesterol levels in medium HDL",4e-40,0.0520611,"unit",NA,"35213538",115082,"FADS1/FADS2"
"rs174577","Phosphatidylcholine-O(36:4)_[M+H]1+/Phosphatidylcholine-P(36:3)_[M+H]1+ levels",5e-15,0.0633,"unit",NA,"34503513",5662,"FADS1/FADS2"
"rs174577","Low density lipoprotein cholesterol levels",2e-54,0.069,"unit",NA,"29507422",87819,"FADS1/FADS2"
"rs174577","Low density lipoprotein cholesterol levels",2e-49,0.074,"unit",NA,"29507422",87819,"FADS1/FADS2"
"rs174577","Cholesteryl ester(16:0)_[M+NH4]1+ levels",6e-15,0.0515,"unit",NA,"34503513",5662,"FADS1/FADS2"
"rs174577","Omega-3 fatty acids",0,0.324527,"mmol/L",NA,"41044249",241027,"FADS1/FADS2"
"rs174577","Concentration of medium HDL particles",1e-18,0.0350723,"unit",NA,"35213538",115082,"FADS1/FADS2"
"rs174577","Phosphatidylcholine(40:6)_[M+H]1+/Phosphatidylethanolamine(43:6)_[M+H]1+ levels",5e-15,0.0814,"unit",NA,"34503513",5662,"FADS1/FADS2"
"rs174577","Phosphatidylcholine(36:3)_[M+H]1+/Phosphatidylethanolamine(39:3)_[M+H]1+/Phosphatidate(41:4)_[M+NH4]1+ levels",5e-15,0.0861,"unit",NA,"34503513",5662,"FADS1/FADS2"
"rs174577","Phosphatidylcholine(40:4)_[M+OAc]1-/Phosphatidylserine(44:3)_[M-H]1- levels",5e-15,0.259,"unit",NA,"34503513",5662,"FADS1/FADS2"
"rs174577","Phosphatidylcholine(40:6)_[M+OAc]1-/Phosphatidylserine(44:5)_[M-H]1- levels",5e-15,0.096,"unit",NA,"34503513",5662,"FADS1/FADS2"
"rs174577","Phosphatidate(45:6)_[M-H]1- levels",6e-15,0.0651,"unit",NA,"34503513",5662,"FADS1/FADS2"
"rs174577","Phosphatidylinositol(34:2)_[M-H]1- levels",6e-15,0.0481,"unit",NA,"34503513",5662,"FADS1/FADS2"
"rs174577","Alkylphosphatidylcholine (O-38:5) levels",4e-52,0.345,"unit",NA,"35668104",4492,"FADS1/FADS2"
"rs174577","Phosphatidylcholine(35:3)_[M+H]1+/Phosphatidylethanolamine(38:3)_[M+H]1+/Phosphatidate(40:4)_[M+NH4]1+ levels",5e-15,0.0681,"unit",NA,"34503513",5662,"FADS1/FADS2"
"rs174577","Triacylglycerol(56:7)_[M+NH4]1+ levels",6e-15,0.0413,"unit",NA,"34503513",5662,"FADS1/FADS2"
"rs174577","Cholesteryl ester(20:5)_[M+NH4]1+ levels",5e-15,0.0463,"unit",NA,"34503513",5662,"FADS1/FADS2"
"rs174577","Phosphatidylcholine(39:6)_[M+OAc]1-/Phosphatidylserine(43:5)_[M-H]1- levels",6e-15,0.0559,"unit",NA,"34503513",5662,"FADS1/FADS2"
"rs174577","Triacylglycerol(54:3)_[M+NH4]1+ levels",6e-15,0.167,"unit",NA,"34503513",5662,"FADS1/FADS2"
"rs174577","lysoPhosphatidylcholine acyl C26:1 levels",3e-14,0.1607,"unit",NA,"35888728",5505,"FADS1/FADS2"
"rs174577","Triacylglycerol(56:6)_[M+NH4]1+ levels",5e-15,0.0888,"unit",NA,"34503513",5662,"FADS1/FADS2"
"rs174577","Omega-3 fatty acids to total fatty acids percentage",0,0.414571,"%",NA,"41044249",203300,"FADS1/FADS2"
"rs174577","Phosphatidylcholine(33:2)_[M+H]1+/Phosphatidylethanolamine(36:2)_[M+H]1+/Phosphatidate(38:3)_[M+NH4]1+ levels",5e-15,0.0545,"unit",NA,"34503513",5662,"FADS1/FADS2"
"rs174577","Phosphatidylcholine(36:2)_[M+H]1+/Phosphatidylethanolamine(39:2)_[M+H]1+/Phosphatidate(41:3)_[M+NH4]1+ levels",6e-15,0.0843,"unit",NA,"34503513",5662,"FADS1/FADS2"
"rs174577","Alkenylphosphatidylcholine (P-18:0/22:5) levels",1e-39,0.301,"unit",NA,"35668104",6057,"FADS1/FADS2"
"rs174577","Phosphatidate(41:2)_[M+H]1+ levels",5e-15,0.0423,"unit",NA,"34503513",5662,"FADS1/FADS2"
"rs174577","Phosphatidylcholine(33:3)_[M+H]1+/Phosphatidylethanolamine(36:3)_[M+H]1+/Phosphatidate(38:4)_[M+NH4]1+ levels",5e-15,0.0487,"unit",NA,"34503513",5662,"FADS1/FADS2"
"rs174577","Phosphatidylcholine(37:4)_[M+H]1+/Phosphatidylethanolamine(40:3)_[M+H]1+ levels",5e-15,0.1113,"unit",NA,"34503513",5662,"FADS1/FADS2"
"rs174577","Phosphatidate(39:1)_[M+H]1+ levels",5e-15,0.073,"unit",NA,"34503513",5662,"FADS1/FADS2"
"rs174577","Phosphatidylinositol(36:4)_[M-H]1- levels",5e-15,0.063,"unit",NA,"34503513",5662,"FADS1/FADS2"
"rs174577","Phosphatidylcholine-O(40:5)_[M+H]1+/Phosphatidylcholine-P(40:4)_[M+H]1+ levels",5e-15,0.0967,"unit",NA,"34503513",5662,"FADS1/FADS2"
"rs174577","Docosahexaenoic acid to total fatty acids percentage",0,0.259927,"%",NA,"41044249",241027,"FADS1/FADS2"
"rs174577","Phosphatidylcholine(36:3)_[M+OAc]1-/Phosphatidylserine(40:2)_[M-H]1- levels",5e-15,0.0861,"unit",NA,"34503513",5662,"FADS1/FADS2"
"rs174577","Phosphatidylcholine-O(36:3)_M+H]1+/Phosphatidylcholine-P(36:2)_M+H]1+ levels",5e-15,0.0729,"unit",NA,"34503513",5662,"FADS1/FADS2"
"rs174577","Total cholesterol levels",2e-26,0.046,"unit",NA,"29507422",87819,"FADS1/FADS2"
"rs174577","Total cholesterol levels",4e-26,0.051,"unit",NA,"29507422",87819,"FADS1/FADS2"
"rs1800562","Iron status biomarkers",4e-11,0.66,"s.d.",NA,"19084217",918,"HFE"
"rs1800562","Iron status biomarkers",4e-15,NA,NA,NA,"19084217",918,"HFE"
"rs1800562","Iron status biomarkers",1e-10,0.68,"s.d.",NA,"19084217",918,"HFE"
"rs1800562","Iron status biomarkers",2e-08,0.22,"s.d.",NA,"19820699",8288,"HFE"
"rs1800562","Iron status biomarkers",5e-07,0.2,"s.d.",NA,"19820699",8288,"HFE"
"rs1800562","Hematocrit",2e-09,0.31,"%",NA,"19862010",33623,"HFE"
"rs1800562","Mean corpuscular volume",1e-46,0.01,"fl",NA,"19862010",33623,"HFE"
"rs1800562","Iron status biomarkers",6e-10,44.27,"ug/dL",NA,"21483845",911,"HFE"
"rs1800562","Iron status biomarkers",3e-08,35.36,"ug/dL",NA,"21483845",911,"HFE"
"rs1800562","Cardiovascular disease risk factors",5e-12,0.177,"mg/l",NA,"21943158",11683,"HFE"
"rs1800562","Mean corpuscular hemoglobin",7e-09,0.3558,"unit",NA,"23263863",14177,"HFE"
"rs1800562","Cholesterol, total",2e-08,2.16,"mg/dL",NA,"20686565",100184,"HFE"
"rs1800562","Alcohol consumption (transferrin glycosylation)",2e-32,0.629,"unit",NA,"21665994",7465,"HFE"
"rs1800562","Glycated hemoglobin levels",3e-20,0.06,"%",NA,"20858683",46368,"HFE"
"rs1800562","Red blood cell traits",3e-09,0.49,"unit",NA,"20927387",3012,"HFE"
"rs1800562","Red blood cell traits",6e-07,1.09,"unit",NA,"20927387",3012,"HFE"
"rs1800562","LDL cholesterol",6e-10,2.22,"mg/dL",NA,"20686565",95454,"HFE"
"rs1800562","Hemoglobin",6e-19,0.16,"g/dl",NA,"19862010",33623,"HFE"
"rs1800562","Iron status biomarkers",2e-06,24.63,"unit",NA,"25224454",2676,"HFE"
"rs1800562","Red blood cell traits",4e-06,0.2388,"g/dL",NA,"23446634",61285,"HFE"
"rs1800562","Hepcidin levels",3e-15,0.61,"ng/ml",NA,"21785125",1657,"HFE"
"rs1800562","Hepcidin levels",5e-11,0.51,"ng/ml",NA,"21785125",1657,"HFE"
"rs1800562","Hepcidin levels",4e-09,0.442,"ng/ml",NA,"21785125",1657,"HFE"
"rs1800562","Hepcidin levels",3e-07,0.389,"ng/ml",NA,"21785125",1657,"HFE"
"rs1800562","Cholesterol, total",2e-12,0.056,"unit",NA,"24097068",188577,"HFE"
"rs1800562","Hematology traits",2e-06,0.1944,"unit",NA,"23263863",14177,"HFE"
"rs1800562","Hematological parameters",1e-23,1.41,"fl",NA,"19820697",13943,"HFE"
"rs1800562","LDL cholesterol",8e-14,0.062,"unit",NA,"24097068",188577,"HFE"
"rs1800562","Iron status biomarkers (ferritin levels)",2e-38,0.204,"unit",NA,"25352340",48972,"HFE"
"rs1800562","Iron status biomarkers (transferrin levels)",9e-196,0.479,"unit",NA,"25352340",48972,"HFE"
"rs1800562","Iron status biomarkers (iron levels)",3e-97,0.328,"unit",NA,"25352340",48972,"HFE"
"rs1800562","Iron status biomarkers (transferrin saturation)",2e-270,0.577,"unit",NA,"25352340",48972,"HFE"
"rs1800562","Red cell distribution width",1e-14,0.1666,"unit",NA,"32171239",33549,"HFE"
"rs1800562","IDP dMRI TBSS ICVF Cerebral peduncle L",8e-22,0.176,"unit",NA,"33875891",31355,"HFE"
"rs1800562","Polycythemia, secondary (PheCode 289.8)",7e-17,0.3445,"unit",NA,"39024449",448315,"HFE"
"rs1800562","Hemoglobin concentration",9e-06,0.2436,"unit",NA,"32171239",16186,"HFE"
"rs1800562","ferritin (mean, inv-norm transformed)",7e-16,0.07519,"unit",NA,"39024449",133219,"HFE"
"rs1800562","Putamen iron levels (quantitative susceptibility mapping)",2e-98,0.250862,"unit",NA,"38789058",39533,"HFE"
"rs1800562","transferrin saturation (TSAT, maximum, inv-norm transformed)",4e-307,0.4635,"unit",NA,"39024449",55782,"HFE"
"rs1800562","Other anemias (PheCode 285)",2e-23,0.1253,"unit",NA,"39024449",581256,"HFE"
"rs1800562","Mean corpuscular hemoglobin concentration",1e-16,0.1196,"unit",NA,"32171239",67856,"HFE"
"rs1800562","Total bilirubin levels (UKB data field 30840)",1e-87,0.05943212,"unit",NA,"39789286",394642,"HFE"
"rs1800562","Liver fibrosis and steatohepatitis severity (MRI cT1 measure)",8e-07,0.111,"unit",NA,"32247823",14440,"HFE"
"rs1800562","Diastolic blood pressure",4e-31,0.3407,"unit",NA,"38689001",1112870,"HFE"
"rs1800562","IDP SWI T2star left caudate",1e-26,0.199,"unit",NA,"33875891",30056,"HFE"
"rs1800562","Mean corpuscular hemoglobin",0,0.3940408,"unit",NA,"32888494",408112,"HFE"
"rs1800562","Mean corpuscular hemoglobin concentration",4e-15,0.1247,"unit",NA,"32171239",29587,"HFE"
"rs1800562","Low density lipoprotein cholesterol levels",1e-71,0.0571711,"unit",NA,"34887591",1320016,"HFE"
"rs1800562","Aspartate aminotransferase levels",7e-11,0.0043,"unit",NA,"34315874",406934,"HFE"
"rs1800562","Red blood cell count",1e-28,0.047638047,"unit",NA,"32888494",408112,"HFE"
"rs1800562","Putamen iron levels (R2* MRI)",2e-95,0.251991,"unit",NA,"38789058",39533,"HFE"
"rs1800562","Low density lipoprotein cholesterol levels",5e-44,0.0662,"unit",NA,"32154731",324708,"HFE"
"rs1800562","Systolic blood pressure",3e-06,0.2231,"unit",NA,"38689001",1091027,"HFE"
"rs1800562","Omega-3 fatty acids to total fatty acids percentage",2e-10,NA,NA,NA,"40545721",110346,"HFE"
"rs1800562","Iron status biomarkers (total iron binding capacity)",1e-300,0.45,"SD",NA,"33536631",135430,"HFE"
"rs1800562","Hepcidin/ferritin ratio",1e-15,0.3455,"unit",NA,"27846281",6201,"HFE"
"rs1800562","Hepcidin/ferritin ratio",2e-14,0.3097,"unit",NA,"27846281",6201,"HFE"
"rs1800562","EPO protein levels",1e-25,0.11120285,"unit",NA,"39789286",47745,"HFE"
"rs1800562","Hematocrit",6e-17,0.42,"unit",NA,"33887194",62487,"HFE"
"rs1800562","Glycemic traits (multi-trait analysis)",2e-47,NA,NA,NA,"38627641",200622,"HFE"
"rs1800562","red cell diameter width (RDW, maximum, inv-norm transformed)",4e-166,0.1799,"unit",NA,"39024449",548243,"HFE"
"rs1800562","transferrin saturation (TSAT, minimum, inv-norm transformed)",2e-190,0.3561,"unit",NA,"39024449",81091,"HFE"
"rs1800562","Nonalcoholic fatty liver disease in lean individuals (BMI <25)",3e-16,NA,NA,2.19,"37235137",13614,"HFE"
"rs1800562","Mean corpuscular hemoglobin",3e-53,0.58,"unit",NA,"33887194",46241,"HFE"
"rs1800562","C3 protein levels",2e-16,0.08687001,"unit",NA,"39789286",47745,"HFE"
"rs1800562","hemoglobin (minimum, inv-norm transformed)",1e-148,0.1337,"unit",NA,"39024449",407894,"HFE"
"rs1800562","Hemoglobin",0,0.1428,"unit",NA,"34594039",502921,"HFE"
"rs1800562","Hemoglobin concentration",1e-24,0.1697,"unit",NA,"32171239",29379,"HFE"
"rs1800562","Red blood cell count",5e-15,0.04991289,"unit",NA,"27863252",172952,"HFE"
"rs1800562","Mean corpuscular hemoglobin concentration",1e-16,0.14,"unit",NA,"33887194",52648,"HFE"
"rs1800562","Accumbens iron levels (quantitative susceptibility mapping)",7e-16,0.10936,"unit",NA,"38789058",39533,"HFE"
"rs1800562","transferrin saturation (TSAT, mean, inv-norm transformed)",4e-290,0.4464,"unit",NA,"39024449",81105,"HFE"
"rs1800562","Glycated hemoglobin levels",5e-28,0.0398,"unit",NA,"28898252",88355,"HFE"
"rs1800562","Total bilirubin levels",5e-49,0.0628,"unit",NA,"34594039",467170,"HFE"
"rs1800562","Whole brain restricted directional diffusion (multivariate analysis)",9e-27,NA,NA,NA,"35505052",38128,"HFE"
"rs1800562","IDP dMRI TBSS ICVF Cerebral peduncle R",2e-17,0.156,"unit",NA,"33875891",31355,"HFE"
"rs1800562","Total bilirubin levels",6e-84,0.0936,"unit",NA,"40436827",928679,"HFE"
"rs1800562","Red blood cell traits (multivariate analysis)",1e-10,NA,NA,NA,"32171239",20697,"HFE"
"rs1800562","Soluble transferrin receptor concentration",3e-88,0.2533,"unit",NA,"39643614",45330,"HFE"
"rs1800562","Oxygen-dependent coproporphyrinogen-III oxidase, mitochondrial levels",7e-30,0.305,"unit",NA,"34648354",10708,"HFE"
"rs1800562","hemoglobin (maximum, inv-norm transformed)",2e-225,0.2027,"unit",NA,"39024449",584668,"HFE"
"rs1800562","Red blood cell haemoglobin equivalent",1e-133,0.324986,"SD units",NA,"37596262",38200,"HFE"
"rs1800562","Mean corpuscular volume",1e-20,0.9763,"unit",NA,"32171239",14483,"HFE"
"rs1800562","ferritin (maximum, inv-norm transformed)",2e-31,0.1084,"unit",NA,"39024449",89503,"HFE"
"rs1800562","Iron status biomarkers (iron levels)",4e-276,0.27,"SD",NA,"33536631",163511,"HFE"
"rs1800562","Reticulocyte production index",8e-34,0.157624,"SD units",NA,"37596262",39566,"HFE"
"rs1800562","hematocrit (mean, inv-norm transformed)",1e-64,0.1082,"unit",NA,"39024449",584645,"HFE"
"rs1800562","Phospholipids to Total Lipids in HDL percentage",2e-15,0.0349059,"unit",NA,"39091897",98316,"HFE"
"rs1800562","Substantia nigra iron levels (quantitative susceptibility mapping)",1e-23,0.124342,"unit",NA,"38789058",39533,"HFE"
"rs1800562","hemoglobin (mean, inv-norm transformed)",7e-282,0.1854,"unit",NA,"39024449",407894,"HFE"
"rs1800562","iron (maximum, inv-norm transformed)",3e-244,0.3313,"unit",NA,"39024449",127440,"HFE"
"rs1800562","IDP SWI T2star right caudate",1e-28,0.207,"unit",NA,"33875891",30056,"HFE"
"rs1800562","Nonalcoholic fatty liver disease",3e-11,NA,NA,1.25,"37235137",32941,"HFE"
"rs1800562","Polycythemia, secondary (PheCode 289.8)",1e-17,0.3433,"unit",NA,"39024449",629470,"HFE"
"rs1800562","Osteoarthritis (hip)",5e-14,NA,NA,1.95,"30374069",613790,"HFE"
"rs1800562","Glycated haemoglobin HbA1c levels (UKB data field 30750)",1e-240,0.1106975,"unit",NA,"39789286",394642,"HFE"
"rs1800562","Hematocrit",2e-190,0.1275169,"unit",NA,"32888494",408112,"HFE"
"rs1800562","iron (minimum, inv-norm transformed)",1e-133,0.2492,"unit",NA,"39024449",84125,"HFE"
"rs1800562","Linoleic acid levels",9e-10,NA,NA,NA,"40545721",239268,"HFE"
"rs1800562","Hematocrit",1e-17,0.3803,"unit",NA,"32171239",67884,"HFE"
"rs1800562","hemoglobin (minimum, inv-norm transformed)",2e-14,0.1247,"unit",NA,"39024449",114985,"HFE"
"rs1800562","Hematocrit",1e-168,0.1,"unit",NA,"34594039",503490,"HFE"
"rs1800562","Linoleic acid levels",5e-11,NA,NA,NA,"40545721",239268,"HFE"
"rs1800562","Red blood cell forward scatter",3e-134,0.326577,"SD units",NA,"37596262",38005,"HFE"
"rs1800562","Immature reticulocyte forward scatter",8e-101,0.281777,"SD units",NA,"37596262",38711,"HFE"
"rs1800562","Platelet count",3e-09,0.026697533,"unit",NA,"32888494",408112,"HFE"
"rs1800562","ferritin (maximum, inv-norm transformed)",6e-30,0.1053,"unit",NA,"39024449",133201,"HFE"
"rs1800562","Reticulocyte count",2e-154,0.114374325,"unit",NA,"32888494",408112,"HFE"
"rs1800562","ferritin (mean, inv-norm transformed)",4e-16,0.07581,"unit",NA,"39024449",89513,"HFE"
"rs1800562","Mean corpuscular hemoglobin concentration",0,0.187759,"unit",NA,"32888494",408112,"HFE"
"rs1800562","IDP SWI T2star left thalamus",1e-16,0.154,"unit",NA,"33875891",30056,"HFE"
"rs1800562","transferrin saturation (TSAT, maximum, inv-norm transformed)",4e-293,0.4457,"unit",NA,"39024449",81125,"HFE"
"rs1800562","Diastolic blood pressure",9e-17,0.394,"unit",NA,"28739976",378379,"HFE"
"rs1800562","Iron status biomarkers (transferrin saturation)",1e-300,0.45,"SD",NA,"33536631",131471,"HFE"
"rs1800562","Red cell distribution width",0,0.23842824,"unit",NA,"32888494",408112,"HFE"
"rs1800562","Iron deficiency anemias (PheCode 280)",2e-18,0.1505,"unit",NA,"39024449",430760,"HFE"
"rs1800562","Glycoprotein acetyls levels",2e-18,0.05155,"unit",NA,"40307439",199732,"HFE"
"rs1800562","TFRC protein levels",5e-159,0.22071813,"unit",NA,"39789286",47745,"HFE"
"rs1800562","hematocrit (maximum, inv-norm transformed)",1e-82,0.1258,"unit",NA,"39024449",584623,"HFE"
"rs1800562","iron (mean, inv-norm transformed)",2e-235,0.3354,"unit",NA,"39024449",84123,"HFE"
"rs1800562","Red cell distribution width",2e-06,0.2114,"unit",NA,"32171239",9611,"HFE"
"rs1800562","Hematocrit",7e-15,0.3819,"unit",NA,"32171239",29383,"HFE"
"rs1800562","Reticulocyte forward scatter",3e-122,0.310101,"SD units",NA,"37596262",38277,"HFE"
"rs1800562","Omega-6 fatty acid levels",5e-08,NA,NA,NA,"40545721",239268,"HFE"
"rs1800562","hemoglobin (mean, inv-norm transformed)",2e-178,0.1741,"unit",NA,"39024449",584680,"HFE"
"rs1800562","IDP SWI T2star left putamen",5e-47,0.268,"unit",NA,"33875891",30056,"HFE"
"rs1800562","red cell diameter width (RDW, maximum, inv-norm transformed)",2e-277,0.1926,"unit",NA,"39024449",380351,"HFE"
"rs1800562","Diastolic blood pressure",5e-15,0.3226,"unit",NA,"35762941",526001,"HFE"
"rs1800562","Pallidum iron levels (R2* MRI)",1e-21,0.12158,"unit",NA,"38789058",39533,"HFE"
"rs1800562","Glycated hemoglobin HbA1c levels",3e-47,0.042,"unit",NA,"39280063",144060,"HFE"
"rs1800562","Low density lipoprotein cholesterol levels",3e-23,0.095,"unit",NA,"29507422",87819,"HFE"
"rs1800562","Low density lipoprotein cholesterol levels",2e-23,0.099,"unit",NA,"29507422",87819,"HFE"
"rs1800562","iron (mean, inv-norm transformed)",6e-14,0.3144,"unit",NA,"39024449",11547,"HFE"
"rs1800562","iron (maximum, inv-norm transformed)",2e-14,0.3225,"unit",NA,"39024449",11541,"HFE"
"rs1800562","Reticulocyte count (UKB data field 30250)",6e-122,0.08461401,"unit",NA,"39789286",394642,"HFE"
"rs1800562","Hemoglobin concentration",4e-29,0.1679,"unit",NA,"32171239",67869,"HFE"
"rs1800562","iron (maximum, inv-norm transformed)",6e-248,0.3425,"unit",NA,"39024449",84096,"HFE"
"rs1800562","IDP SWI T2star right putamen",4e-47,0.269,"unit",NA,"33875891",30056,"HFE"
"rs1800562","Docosahexaenoic acid to total fatty acids percentage",3e-08,NA,NA,NA,"40545721",110346,"HFE"
"rs1800562","Red blood cell forward scatter distribution width",2e-50,0.204448,"SD units",NA,"37596262",30417,"HFE"
"rs1800562","transferrin saturation (TSAT, mean, inv-norm transformed)",3e-302,0.4633,"unit",NA,"39024449",55766,"HFE"
"rs1800562","Diastolic blood pressure (MTAG)",8e-26,0.034134857,"unit",NA,"39537608",757601,"HFE"
"rs1800562","Mean corpuscular volume",2e-32,1.1,"unit",NA,"33887194",48830,"HFE"
"rs1800562","Microcytic percentage of red cells",2e-81,0.247843,"SD units",NA,"37596262",39184,"HFE"
"rs1800562","Reticulocyte fraction of red cells",2e-172,0.119810864,"unit",NA,"32888494",408112,"HFE"
"rs1800562","Iron status biomarkers (total iron binding capacity)",4e-18,0.522,"unit",NA,"28334935",12586,"HFE"
"rs1800562","hematocrit (minimum, inv-norm transformed)",3e-37,0.07603,"unit",NA,"39024449",584647,"HFE"
"rs1800562","hemoglobin (minimum, inv-norm transformed)",1e-104,0.1262,"unit",NA,"39024449",584680,"HFE"
"rs1800562","Mean sphered cell volume (UKB data field 30270)",8e-198,0.1072714,"unit",NA,"39789286",394642,"HFE"
"rs1800562","Substantia nigra iron levels (R2* MRI)",5e-18,0.115122,"unit",NA,"38789058",39533,"HFE"
"rs1800562","iron (minimum, inv-norm transformed)",2e-134,0.2441,"unit",NA,"39024449",127496,"HFE"
"rs1800562","Red cell distribution width",6e-15,0.25,"unit",NA,"33887194",28982,"HFE"
"rs1800562","Docosahexaenoic acid levels",1e-10,NA,NA,NA,"40545721",110346,"HFE"
"rs1800562","Hemoglobin",2e-30,0.2,"unit",NA,"33887194",62461,"HFE"
"rs1800562","red cell diameter width (RDW, mean, inv-norm transformed)",3e-242,0.2347,"unit",NA,"39024449",548841,"HFE"
"rs1800562","Mean corpuscular hemoglobin",2e-32,0.4866,"unit",NA,"32171239",14693,"HFE"
"rs1800562","Haemoglobin concentration (UKB data field 30020)",2e-191,0.09082927,"unit",NA,"39789286",394642,"HFE"
"rs1800562","Mean spheric corpuscular volume",1.99997773436537e-320,0.16774651,"unit",NA,"32888494",408112,"HFE"
"rs1800562","Mean corpuscular volume",0,0.281596,"unit",NA,"32888494",408112,"HFE"
"rs1800562","Iron status biomarkers (ferritin levels)",2e-84,0.13,"SD",NA,"33536631",246139,"HFE"
"rs1800562","Hemoglobin",0,0.20528811,"unit",NA,"32888494",408112,"HFE"
"rs1800562","Blood cell traits latent factor 2 (red cell)",6e-62,NA,NA,NA,"40220762",18310,"HFE"
"rs1800562","Total cerebellar volume (excluding Crus I vermis)",7e-12,0.0377,"unit",NA,"35079123",33265,"HFE"
"rs1800562","CPOX protein levels",1e-49,0.16307986,"unit",NA,"39789286",47745,"HFE"
"rs1800562","hematocrit (maximum, inv-norm transformed)",4e-140,0.1336,"unit",NA,"39024449",407836,"HFE"
"rs1800562","Caudate iron levels (R2* MRI)",2e-50,0.187279,"unit",NA,"38789058",39533,"HFE"
"rs1800562","Red blood cell traits (multivariate analysis)",1e-11,NA,NA,NA,"32171239",29513,"HFE"
"rs1800562","Alanine aminotransferase levels",3e-09,0.0055,"unit",NA,"34315874",408300,"HFE"
"rs1800562","iron (mean, inv-norm transformed)",1e-229,0.3257,"unit",NA,"39024449",127495,"HFE"
"rs1800562","Mean corpuscular haemoglobin concentration (UKB data field 30060)",2e-248,0.13511983,"unit",NA,"39789286",394642,"HFE"
"rs1800562","red cell diameter width (RDW, minimum, inv-norm transformed)",6e-298,0.2611,"unit",NA,"39024449",548926,"HFE"
"rs1800562","Aspartate aminotransferase levels",3e-11,NA,NA,NA,"35810165",350016,"HFE"
"rs1800562","Caudate iron levels (quantitative susceptibility mapping)",2e-50,0.186944,"unit",NA,"38789058",39533,"HFE"
"rs1800562","Disorders of iron metabolism (PheCode 275.1)",4e-71,NA,NA,4.12,"41298473",52374,"HFE"
"rs1800562","transferrin saturation (TSAT, minimum, inv-norm transformed)",3e-192,0.3666,"unit",NA,"39024449",55756,"HFE"
"rs1800562","Iron status biomarkers (transferrin saturation)",4e-18,0.522,"unit",NA,"28334935",12589,"HFE"
"rs1800562","Hematocrit",3e-231,0.1236,"unit",NA,"40436827",928679,"HFE"
"rs1800562","Mean corpuscular volume",2e-22,0.9309,"unit",NA,"32171239",41276,"HFE"
"rs1800562","Reticulocyte haemoglobin equivalent",3e-120,0.304041,"SD units",NA,"37596262",39127,"HFE"
"rs1800562","Total cholesterol levels",9e-19,0.083,"unit",NA,"29507422",87819,"HFE"
"rs1800562","Total cholesterol levels",9e-20,0.088,"unit",NA,"29507422",87819,"HFE"
"rs1800562","Mean corpuscular hemoglobin",1e-34,0.4537,"unit",NA,"32171239",41316,"HFE"
"rs1800562","Thalamus iron levels (R2* MRI)",2e-39,0.171132,"unit",NA,"38789058",39533,"HFE"
"rs744653","Iron status biomarkers (ferritin levels)",8e-19,0.089,"unit",NA,"25352340",48972,"TFRC"
"rs744653","Iron status biomarkers (transferrin levels)",1e-11,0.068,"unit",NA,"25352340",48972,"TFRC"
"rs8177240","Iron status biomarkers (transferrin levels)",0,0.38,"unit",NA,"25352340",48972,"TF"
"rs8177240","Iron status biomarkers (iron levels)",7e-20,0.066,"unit",NA,"25352340",48972,"TF"
"rs8177240","Iron status biomarkers (transferrin saturation)",7e-38,0.1,"unit",NA,"25352340",48972,"TF"
"rs8177240","COL23A1 protein levels",1e-17,0.2873491,"unit",NA,"39972214",1909,"TF"
"rs8177240","Red blood cell count",1e-08,0.0179387,"unit",NA,"34594039",153512,"TF"
"rs8177240","Mean corpuscular volume",4e-13,0.029673,"SD units",NA,"32888493",121047,"TF"
"rs9268633","Neutralising antibody response to interferon beta therapy in multiple sclerosis (antibody titre; IFNβ-1a subcutaneous and intramuscular)",1e-17,0.2,"unit",NA,"33143745",2757,"HLA-DRB1/DQA1"
"rs9990333","Iron status biomarkers (transferrin levels)",2e-13,0.051,"unit",NA,"25352340",48972,"TFRC downstream"
"rs9990333","Iron status biomarkers (transferrin saturation)",7e-08,0.039,"unit",NA,"25352340",48972,"TFRC downstream"
