Instrument_set,n_SNPs,IVW_beta,IVW_SE,IVW_p_RE,Weighted_median_p,MR_Egger_intercept_p,Cochran_Q_p,I2_percent
All 8 SNPs (primary),8,-0.039,0.013,0.003,0.001,0.249,0.544,0
Excl. HLA (rs9268633),7,-0.039,0.013,0.003,0.004,0.280,0.427,0
Excl. FADS (rs174577),7,-0.040,0.013,0.003,0.001,0.196,0.437,0
Excl. HFE (rs1800562),7,-0.042,0.015,0.007,0.003,0.310,0.439,0
Excl. NAT2 (rs1495741),7,-0.039,0.013,0.003,0.002,0.263,0.427,0
Excl. HLA + FADS,6,-0.040,0.014,0.006,0.002,0.230,0.319,15
Excl. HLA + FADS + HFE + NAT2 (joint),4,-0.043,0.022,0.053,0.005,0.365,0.125,48
TF/TFRC-region subset of primary panel (rs8177240 rs9990333 rs7646473),3,-0.044,0.027,0.101,0.004,0.441,0.063,64
Excl. rs8177240,7,-0.020,0.022,0.358,0.220,0.402,0.577,0
rs8177240 alone (Wald ratio),1,-0.050,0.017,0.002,NA,NA,NA,NA
